,0,1,2,3,4,5,6,7,8,9,10,11,12,13,14,15,16,17,18,19,20,21,22,23,24,25,26,27,28,29,30,31
0,-0.4226183,-0.4043667,0.03728085,0.047741264,0.22429183,0.10862185,-0.025110167,0.24707796,-0.09889448,-0.4311114,-0.23093492,0.11956563,-0.3311699,-0.07271136,-0.252218,-0.08597708,-0.050427936,-0.48535863,-0.30216837,-0.2336896,-0.12890461,-0.51458126,-0.33973104,-0.1349421,-0.09336906,-0.35945898,-0.31506363,-0.2800254,0.13538285,-0.12911913,-0.1770194,-0.11916441
1,-0.10681684,-0.2320564,-0.008377563,-0.14523958,0.06327474,0.2020569,0.20990872,0.14107269,-0.24460097,-0.18683024,-0.3009367,0.3252897,-0.0760511,0.045402087,-0.29513994,-0.029404253,0.1491591,-0.43963555,-0.055840205,-0.16874345,-0.024828674,-0.2420715,-0.088236764,-0.15387037,-0.16560456,-0.27089792,-0.26199493,-0.1632463,-0.032337755,-0.13448802,0.069627054,0.057986356
2,-0.041825693,-0.08250281,0.054160755,-0.25002968,-0.10429431,0.13381766,0.3141422,-0.024416383,-0.28162107,-0.055250783,-0.15075557,0.42947057,0.1506976,0.019057827,-0.24371395,-0.052755367,0.19903366,-0.29054973,0.15439992,-0.09274674,-0.09108809,-0.0030615088,-0.01949125,-0.12467106,-0.03304192,-0.16458397,-0.11340645,-0.05817562,-0.05050493,-0.008584897,0.16535483,0.19466531
3,0.012283827,0.13316491,0.17173201,-0.26668072,-0.17421949,0.119679086,0.2994914,-0.16653515,-0.056622736,0.16329108,0.03719852,0.5368942,0.24435383,-0.023294803,-0.08422089,0.044139203,0.14089423,-0.31054473,0.1169259,-0.05952249,-0.010048105,0.08166673,0.012594806,-0.15923718,0.042317986,-0.15268695,0.020787235,-0.006203704,0.073891915,0.14229359,0.08877678,0.086977765
4,0.03462197,0.14856102,0.21489403,0.060787834,-0.22349542,0.11274598,0.27495056,-0.2788587,-0.010157955,0.1340305,0.12689745,0.3698627,0.25300637,-0.16022964,0.07009709,-0.008128012,0.044525664,-0.2487705,0.1971538,0.0996303,-0.13292854,0.23835924,-0.10684637,-0.23828913,0.11948313,-0.18827689,0.19868219,-0.032605674,0.10647199,0.24142462,0.027629348,-0.021387324
5,0.0820438,0.16665877,0.2642199,0.2943621,-0.21051548,0.20607315,0.15690836,-0.1833508,0.16518846,0.14291395,0.24301942,0.1665598,0.24378096,-0.21581055,0.17692797,0.05242723,-0.01264838,-0.105611496,0.0076404014,0.19850855,-0.14756028,0.23458548,-0.083848916,-0.20951334,0.02865394,-0.16029249,0.25130486,-0.08425031,0.08423898,0.28111124,-0.11440381,-0.1742185
6,0.03144126,0.038315844,0.29199803,0.41904277,-0.17621787,0.2938318,0.0108786365,-0.0034096264,0.09755774,-0.016034193,0.18286006,-0.0794487,0.004742421,-0.13484721,0.16054401,0.02634409,0.1554742,-0.018809948,-0.012387229,0.1556264,-0.3060393,0.26609606,0.074900106,-0.27955773,0.05437166,-0.29599968,0.07677763,-0.11661971,0.029861573,0.26425502,-0.09150716,-0.16301586
7,-0.068663165,-0.009684351,0.29672474,0.25894278,-0.20302583,0.23500724,-0.18957883,0.017215788,0.124886796,-0.018306414,0.17936979,-0.2742287,-0.052494157,-0.22036444,0.17926459,0.042496793,0.21551831,0.15351759,-0.24295741,0.05215079,-0.28964436,0.25807047,0.058542315,-0.24862331,0.116175234,-0.15151893,0.005673184,-0.1659108,0.058276344,0.2244995,0.016641764,-0.27186936
8,-0.16650783,0.10037865,0.29736337,0.20675728,-0.10062439,0.15533142,-0.4330086,0.06603379,0.20638508,0.06783228,0.104155,-0.3430449,0.057765324,-0.18580127,0.32517916,0.0037881383,0.17774321,0.16320607,-0.24259584,-0.03031479,-0.15041855,0.08324871,0.06556664,-0.0716441,0.26705393,-0.11728167,0.009645006,-0.03759789,0.13380916,0.22842272,0.08911036,-0.45865977
9,-0.2836095,0.056694444,0.085738,0.25008175,-0.027364891,-0.0027816773,-0.32457578,0.12304136,0.20187043,-0.015113455,-0.06914748,-0.22947527,0.019486431,0.04604102,0.17630996,-0.035183467,0.16377242,0.25831184,-0.044915587,0.041750986,-0.100524165,-0.12063773,-0.03351179,-0.015758036,0.3626489,-6.28017e-05,-0.14166757,-0.033097014,0.087982684,0.1553446,0.19456273,-0.41040647
10,-0.26031116,0.052073643,-0.16262767,0.381325,0.10805669,-0.014537193,-0.17088433,0.19172646,0.13993649,0.06043493,-0.13150337,-0.09370926,0.06396948,0.07062786,0.1429116,-0.09039206,0.14353843,0.3383536,-0.00096011796,0.014163019,-0.06428728,-0.15198305,0.025820818,-0.026350837,0.38330454,-0.08994486,-0.18739685,0.01995721,0.17458971,0.111062266,0.24966434,-0.19771332
11,-0.20278451,-0.016697766,-0.05104029,0.21474607,0.016426245,-0.1934432,0.1595966,0.0012108139,0.13964935,-0.10002949,-0.2079981,-0.012206753,-0.08861931,-0.04533478,0.040002033,-0.069405384,0.018035693,0.15524104,0.0796645,-0.16365731,0.07906648,-0.01795028,0.06367983,0.07780634,0.1453463,-0.11704318,-0.17541811,0.12790723,0.24628599,-0.12630384,0.13644968,-0.16288231
12,-0.06740943,-0.009806201,-0.020820864,-0.04025858,0.047940485,-0.26318222,0.38484678,-0.028315147,0.05300067,-0.23022602,-0.14396419,-0.018180985,-0.08346645,-0.14416076,-0.12790537,-0.018566266,-0.1959393,0.0124863135,0.19620895,-0.301098,0.085804276,0.13813065,0.2612693,-0.05162243,-0.0037646466,-0.33832282,-0.15369114,0.17056853,0.34714428,-0.3180828,-0.054640856,-0.06426239
13,0.03469422,-0.021271303,0.11028918,-0.1980815,0.109637834,-0.3648653,0.49497545,-0.060091335,-0.06118789,-0.25630346,-0.2623789,-0.049539633,-0.17326838,-0.3454595,-0.22230744,0.020245684,-0.28252453,-0.060660694,0.17907657,-0.27504453,0.21503285,0.27505592,0.4577988,-0.17794584,0.022592602,-0.4232289,-0.22100458,0.13416688,0.4362606,-0.3794034,-0.10169383,-0.12005267
14,0.15590346,-0.016935088,0.16866432,-0.28153947,0.121007666,-0.33971196,0.3550617,-0.1722371,-0.07878126,-0.12871443,-0.2235334,0.012573684,-0.061477173,-0.35237134,-0.17668813,0.015074429,-0.31000715,-0.12114387,0.1642422,0.006269439,0.23160787,0.3629389,0.44030583,-0.26557016,-0.0047975844,-0.478949,-0.20372489,0.092315875,0.348814,-0.33451846,0.073100075,-0.11981495
15,0.07740949,0.04249552,0.15781096,-0.35177183,0.19295347,-0.2052569,0.26376593,-0.1861892,-0.13571061,-0.04893806,-0.24827343,0.16939914,0.062532514,-0.2800065,-0.04252067,-0.09971114,-0.04450787,-0.09610429,0.12260468,0.2139581,0.35376528,0.3076184,0.37638462,-0.20580265,-0.08127104,-0.36274004,-0.17609453,-0.018075116,0.28286064,-0.20896295,0.16071446,-0.10310126
16,0.05826763,-0.009395997,0.22791743,-0.38173184,0.11354713,-0.1662222,0.053144556,-0.35710377,-0.12907998,0.02270167,-0.28182617,0.14262845,0.06461401,-0.13614666,0.018871104,-0.06530362,0.20579556,0.13918522,-0.035610348,0.298243,0.35410103,0.11065892,0.16256817,-0.0774165,-0.09118643,-0.24475963,-0.21621056,-0.025089538,0.16768314,-0.15156412,0.21209443,-0.19329228
17,0.059759583,-0.14386941,0.2129238,-0.24212427,0.11709898,-0.19476016,-0.08065768,-0.27695045,-0.1486508,0.08352857,-0.18470524,0.15259314,-0.07067959,-0.057094038,-0.018175595,-0.03207205,0.24309601,0.28857672,-0.10263568,0.2700464,0.36760828,-0.041991808,0.10257518,-0.12701952,-0.11128912,-0.15766323,-0.21000247,-0.014198774,0.121158674,-0.21622163,0.08896275,-0.16661882
18,0.19468789,-0.107953325,0.1668711,-0.22973306,0.07253291,-0.30083337,0.0040595634,-0.19564965,-0.09412589,-0.0090283705,-0.0181259,0.0587847,-0.051760048,-0.080365546,-0.052235637,-0.013182244,0.17541686,0.3867424,-0.05028162,0.11147244,0.30224848,-0.064957924,-0.0016868156,-0.1722296,-0.09296723,-0.24283598,-0.107849784,-0.040881235,0.04178135,-0.12418169,0.013419864,0.035896882
19,0.17509976,-0.11134547,0.1806222,-0.00085735274,0.12165544,-0.3854018,0.06141796,-0.08953151,-0.00949097,-0.07497981,0.011244687,0.008190383,-0.120478,0.01618,-0.0701512,0.022149488,0.1014314,0.26727617,-0.1395568,-0.016217925,0.13690549,-0.06610865,0.018708846,-0.2643447,-0.11296534,-0.293489,-0.04053844,-0.019518046,-0.026004428,-0.17223963,-0.05890764,0.092424005
20,0.18371947,-0.022235474,0.12313945,0.005602231,0.14220522,-0.40712562,0.1316077,0.09929884,0.15544668,-0.16404533,0.16817816,0.07713272,0.037019603,0.042174,-0.015589998,-0.057014424,0.14259441,0.19412486,-0.17432585,-0.1291063,0.115614265,-0.050364014,0.062486365,-0.25197348,-0.071701206,-0.32994747,0.13248837,-0.13433813,0.012815697,0.027764842,-0.077766135,0.1246844
21,0.1434428,-0.017454097,0.16181318,0.030717526,0.11490247,-0.32677954,0.2119327,0.079957195,0.21075983,-0.21487391,0.15104936,0.051934794,0.025191499,0.000653699,-0.004368134,0.001821139,0.074736334,0.08524812,-0.28873643,-0.23814161,0.08450355,-0.04481789,0.10866092,-0.17916787,-0.09845098,-0.22027878,0.17801082,-0.17417438,0.04857301,0.04944223,-0.19261421,0.06126069
22,0.13664179,-0.05598187,0.1635578,-0.04941202,0.12669094,-0.103001624,0.15747161,0.08346378,0.15929711,-0.1888257,0.12945302,0.13373432,0.040120095,0.13191381,-0.06275762,-0.086667106,0.025461448,0.053454984,-0.23566894,-0.23898092,0.031640265,-0.049685307,0.06251835,-0.13156505,-0.18466757,-0.22038847,0.12994659,-0.24057263,-0.04422744,0.112341784,-0.2993463,0.02306242
23,-0.0047456617,-0.0615597,0.1959179,-0.09085574,0.15957823,0.022022173,0.14037767,0.17562112,0.057735432,-0.09810051,0.094401844,0.16557962,0.09564641,0.16645941,-0.045822944,-0.09527485,0.14665376,0.017203985,-0.18712223,-0.12383348,0.02791369,-0.22970106,0.08137047,-0.1103342,-0.22279064,-0.25994253,0.10032936,-0.26870364,-0.10645275,0.11260454,-0.25910366,-0.10689971
24,-0.106187955,0.040675808,0.1481908,-0.040984653,0.17224216,0.22477154,-0.024238087,0.2282029,-0.10055044,0.06229855,0.043116104,0.16317986,0.11475601,0.16283983,-0.06890373,-0.31545368,0.15203561,0.089162394,-0.14832385,0.07874251,-0.08807998,-0.18837617,0.053992163,-0.19667685,-0.080466874,-0.47377068,0.07360183,-0.3093181,-0.11799539,0.14355896,-0.1255101,-0.05018014
25,-0.034412295,0.062098425,0.14516541,-0.17365626,0.235742,0.45707408,-0.111607976,0.16612595,-0.1498838,0.2259016,-0.019177223,0.16586828,0.15854287,0.06563469,-0.06925736,-0.34862876,0.36048883,-0.00699074,-0.02833999,0.2741236,-0.14941823,-0.18005131,0.06335065,-0.17773713,-0.1697294,-0.49740365,-0.08377569,-0.23644015,-0.022406105,0.20782422,-0.033697188,-0.12293239
26,-0.16472898,0.1454248,0.22746907,-0.13568306,0.24253501,0.38500553,-0.3210741,0.012704307,-0.12040334,0.24859017,-0.09110197,0.20133305,0.21227369,0.08054709,-0.09578053,-0.25866067,0.2986099,-0.024713986,-0.1506167,0.27533475,-0.16369443,-0.1949553,-0.10898259,-0.05791358,-0.1392156,-0.3926249,-0.07836415,0.04021593,0.093478724,0.23907585,-0.05180505,-0.01736797
27,0.072817594,0.2686978,0.04926439,-0.21823035,0.1673638,0.27150533,-0.2788105,-0.2088734,-0.09625266,0.31501663,-0.22212265,0.17988935,0.3042884,0.17895335,-0.062272485,-0.14000005,0.096971296,-0.2394592,-0.21907833,0.21556021,-0.113814384,-0.23793995,-0.2514665,0.15016851,-0.18069345,-0.29082593,-0.0414977,0.118652366,0.29634604,0.2531728,0.14378172,-0.021913528
28,0.0692957,0.32791835,0.0063779214,-0.0022960235,0.1086353,0.1108356,-0.22473995,-0.3631984,-0.12908365,0.21832053,-0.3343217,0.04364367,0.381565,0.284991,-0.026264833,-0.086527266,0.018122582,-0.33783457,-0.34926435,-0.017335279,-0.041484814,-0.38626188,-0.29974303,0.15697567,-0.05787176,-0.29723054,-0.093000926,0.17792077,0.35813576,0.34661254,0.20113005,-0.08952541
29,0.118138835,0.29692346,-0.17339218,0.30513817,0.03246194,0.038938027,-0.1661225,-0.19065434,-0.020105397,0.24106228,-0.3196996,0.014720231,0.42300907,0.25810486,-0.0852279,0.045261435,-0.020819077,-0.29675636,-0.34313315,0.027460054,0.046155654,-0.3437091,-0.32641304,0.008987161,-0.01022649,-0.28606573,0.0008272447,0.050979003,0.2065103,0.47585124,0.27350464,-0.19275963
30,0.08697655,0.16900028,-0.3388315,0.46572953,-0.012152738,0.2107351,-0.23518457,0.074901596,-0.10491722,0.0010409238,-0.23566197,0.120108895,0.37929127,0.37532732,-0.077913724,-0.03721496,0.14721343,-0.17443171,-0.4092606,0.16075186,0.027132913,-0.30574435,-0.36522344,-0.059685275,-0.011296032,-0.32688385,-0.04706695,-0.20581876,0.017000733,0.40252563,0.14118856,-0.1284913
31,0.13427003,0.0152674,-0.16563806,0.44164056,0.025808213,0.3042522,-0.24252762,0.16563328,-0.08769455,-0.22831318,-0.19188948,0.053992897,0.184761,0.20463325,-0.046937075,-0.12597695,0.27974635,-0.045922693,-0.49063113,0.24195907,0.05806027,-0.20443355,-0.3887557,-0.09865589,-0.19504854,-0.2603191,0.0035704523,-0.24012361,-0.09982849,0.11275645,0.07889076,-0.15577923
32,0.1602863,-0.1833522,0.025138807,0.20831601,-0.12513034,0.3560839,-0.27072924,-0.07665578,-0.123802096,-0.50570804,-0.21056624,0.06979955,-0.090730935,-0.016489694,-0.222006,-0.08473986,0.2867778,0.003794055,-0.42469677,0.29297134,0.05375519,-0.1608737,-0.5098287,-0.10161844,-0.2787201,-0.26495332,-0.07595635,-0.09309588,-0.089612134,-0.2156409,-0.13415684,-0.09610479
33,0.15196703,-0.4206455,0.1401585,0.21706481,-0.23691277,0.29513934,-0.15517677,-0.17700383,-0.14319482,-0.5836425,-0.22831406,0.09128495,-0.19329002,-0.1600108,-0.18391396,-0.14188649,0.29723465,0.06120116,-0.30624273,0.3042845,0.011781593,-0.071187064,-0.46155676,-0.043231007,-0.36087072,-0.15192749,-0.16426347,0.11713646,-0.04132807,-0.40860194,-0.07874609,-0.012533828
34,0.03955625,-0.4086857,0.21024308,0.07804662,-0.37067187,0.2570261,-0.068339154,-0.014100354,0.038865007,-0.5884636,-0.131939,0.0101382,-0.27840805,-0.19138098,-0.029642398,-0.21858618,0.23725066,0.11434766,-0.17906539,0.19964305,-0.110872,0.13052891,-0.14289133,-0.17956656,-0.4424742,-0.22200027,-0.13928585,0.1414049,-0.017354254,-0.4236366,0.061948773,0.15363689
35,-0.21954207,-0.29279566,0.33293486,-0.034560375,-0.41368225,0.29234898,0.15915716,0.11668815,0.11735727,-0.41337672,0.1669435,0.080973506,-0.19811314,-0.30647007,0.09265579,-0.11600089,0.101029284,0.15987968,-0.1254532,0.10385606,-0.073060475,0.12599193,0.08371021,-0.14135271,-0.48464578,-0.19476493,-0.061668877,0.011350556,-0.0046269963,-0.22877738,-0.018264582,0.056839693
36,-0.26881003,-0.15437621,0.4077332,-0.13280036,-0.3445957,0.21388572,0.34419513,0.23890017,0.26148897,-0.27350742,0.27747285,-0.09375259,-0.20523535,-0.24101256,0.18443084,0.055233434,0.024030287,0.17486382,-0.02851085,0.076901436,0.007886175,0.21829471,0.1708819,-0.03956015,-0.44497105,-0.23119277,0.11123809,-0.083343856,0.046015926,-0.20880808,-0.035248,0.0353551
37,-0.32321474,-0.1575351,0.41348717,-0.21215066,-0.29294822,0.14383626,0.38501117,0.35528412,0.28233615,-0.28035703,0.24611263,-0.19102702,-0.3221428,-0.17700276,0.083026245,0.15999489,-0.089012824,0.14092521,0.038760204,0.056850925,-0.16957435,0.16484146,0.22513695,-0.053910248,-0.32666805,-0.28460422,0.13201949,-0.16495614,0.11163638,-0.21076296,-0.015127141,-0.14238888
38,-0.18357137,-0.3238288,0.29384434,-0.25468653,-0.11935429,0.056120664,0.40276018,0.27953416,0.0819643,-0.17947185,0.0928559,-0.26921988,-0.5094716,-0.06883363,-0.037626836,0.20626828,-0.14678165,0.061466504,0.03713422,-0.014751859,-0.32745317,0.11383051,0.26043326,-0.13345951,-0.19864675,-0.29299328,0.043272913,-0.14838733,0.15893792,-0.34053564,-0.042530432,-0.114610955
39,-0.09080721,-0.23690957,0.11910679,-0.15868692,-0.15832959,-0.021620696,0.28847882,0.024215754,0.107177556,0.01356739,0.009949331,-0.37544918,-0.5775921,-0.04322978,0.014446874,0.16703154,-0.14681378,0.027063653,-0.03585526,-0.029689759,-0.38124335,0.026759708,0.14187582,-0.04901319,-0.29086977,-0.34082058,0.024065334,-0.033201084,0.18734492,-0.16357991,0.09852344,-0.14456663
40,0.00040635,-0.1370334,-0.1515503,-0.040758308,-0.112878196,-0.08867643,0.025202947,-0.1106615,0.027399244,0.2650615,-0.16481523,-0.3868868,-0.5268057,-7.3940624e-05,0.028030286,0.014009593,-0.1770242,0.15339585,0.11121514,-0.12231867,-0.39835647,0.035807617,0.13817163,-0.08415211,-0.25646874,-0.4051646,-0.0065551326,0.07526146,0.08859744,0.07376831,0.23086956,0.009224131
41,0.12800889,0.03852318,-0.36308116,-0.044240706,-0.20024168,-0.2677602,-0.17701067,-0.2208425,0.028667707,0.40439978,-0.13814571,-0.15251954,-0.2588425,0.12388206,0.18361573,0.0046209265,-0.062271904,0.13388245,0.2573484,-0.08134378,-0.24454725,0.010795568,-0.093819275,0.00097076944,-0.17543256,-0.4170293,-0.0113092745,0.08798668,0.06859203,0.38063335,0.35662568,0.09399328
42,0.07262247,0.14096332,-0.293071,-0.19330052,-0.36885393,-0.4064308,-0.3448519,-0.17166774,0.16193578,0.4073132,-0.1431256,-0.05614189,-0.14457843,0.19932388,0.18474326,-0.072083876,0.09786421,0.023573663,0.2960315,-0.22499508,-0.1590064,0.0431591,-0.18332344,-0.023539942,-0.19248168,-0.3682231,-0.040293343,0.14916264,0.08264768,0.4370243,0.32524607,0.22763404
43,0.019983554,0.0272777,-0.2564292,-0.1785263,-0.49774012,-0.5136448,-0.2783668,0.03952282,0.11336642,0.29209703,-0.20391165,-0.08332951,-0.17241482,0.20257056,0.12010651,-0.1576779,0.27847564,-0.037069973,0.20712262,-0.10502024,-0.011126674,0.07178758,-0.22906452,-0.04511881,-0.18644136,-0.22160476,-0.101417184,0.12610708,0.14260037,0.4275879,0.2027416,0.1442216
44,-0.017362265,-0.045090828,-0.10387115,-0.119346395,-0.47079688,-0.53564024,-0.18367215,0.18148954,0.16989014,0.053041574,-0.20166995,-0.02585605,-0.20163415,0.11464248,0.06673873,-0.20711142,0.3285726,-0.03725227,0.18152615,0.26158336,-0.07255766,0.11293529,-0.0770077,-0.08052528,-0.26241922,-0.20121263,-0.20321038,0.01671493,0.10948457,0.35578686,0.09742732,0.1129101
45,0.0247261,-0.14898103,-0.066416755,-0.07834406,-0.38488382,-0.4622238,0.11540093,0.19071957,0.07788294,0.0024935561,-0.34866157,-0.15326217,-0.2296209,0.052957267,0.0011514007,-0.11982711,0.33961853,0.11467346,0.24550757,0.40749747,-0.10734224,0.16079283,0.15114835,-0.22921295,-0.1475374,-0.18575524,-0.28434268,-0.13318643,-0.047723338,0.20705852,-0.01041347,0.07254956
46,-0.028791683,-0.019228296,-0.09200115,-0.15089743,-0.26368147,-0.3546981,0.25451565,0.0035144985,0.11113164,-0.09558788,-0.20660813,-0.22271602,-0.10830776,-0.12617277,0.017301284,0.033913862,0.212963,-0.05946203,0.09729133,0.37181705,-0.046166066,0.14186317,0.27166885,-0.27331886,-0.2198182,-0.19150539,-0.27321,-0.14645216,-0.0025798914,0.13526914,-0.20334652,0.009959332
47,-0.015688125,-0.02626916,0.04544563,-0.157144,-0.187077,-0.17794493,0.25941408,-0.09357109,0.0704204,-0.18863876,-0.1637967,-0.28203556,0.063274756,-0.073576316,-0.11920054,0.048835643,0.110641286,-0.11812795,0.041543726,0.17284861,-0.04613426,0.032445505,0.27330205,-0.2940538,-0.102344066,-0.19161852,-0.267828,-0.09075337,0.07894693,-0.019041246,-0.15141559,0.053972222
48,0.06264673,-0.118814915,0.034401305,-0.0666541,-0.012218057,-0.029928764,0.3484109,-0.14304256,-0.12130742,-0.1708376,-0.12757204,-0.22182274,0.14859076,-0.017200077,-0.16601105,0.032235254,-0.0685998,-0.1512463,0.016078353,0.09259071,-0.11231761,0.03778108,0.20052254,-0.2802142,0.01978224,-0.15438525,-0.26613206,-0.121668845,0.114384905,-0.1821303,0.040409666,0.093426086
49,-0.043774072,-0.05953365,0.2168029,-0.060417995,-0.067890234,-0.033392977,0.24956405,-0.17688021,-0.17010047,-0.12381153,0.10150855,-0.26257703,0.17233583,-0.005646418,-0.19254118,-0.08201146,-0.22293223,-0.28870705,-0.023037367,0.07956026,-0.036461715,-0.096626565,0.08179316,-0.20458661,-0.012992441,-0.021621486,-0.08969249,0.009310676,0.16525908,-0.14327812,0.046063807,0.07015456
50,0.056426108,-0.07330842,0.040778037,0.03956331,0.12374763,0.01707572,0.1411063,-0.07223292,-0.15890683,-0.0016841947,0.18015838,-0.27999035,0.23290598,0.116888165,-0.1561163,-0.003931161,-0.21139728,-0.22623861,0.11727377,0.16317217,-0.04316732,-0.17282383,0.02434708,-0.11344031,0.05752056,0.11414328,0.055271674,0.03728106,0.07477523,-0.16783364,0.20660149,0.0017259573
51,0.10044471,0.06274386,0.10070978,0.06827541,0.098675355,-0.024876393,-0.025545204,-0.031142863,-0.15918416,0.055863287,0.36964935,-0.19219369,0.20377135,0.19040526,0.05322858,0.015366601,-0.08220732,-0.24587524,0.15430607,0.16016106,-0.010442634,-0.26176468,0.029727967,0.07144803,0.011711376,0.106419705,0.23895004,-0.027585458,0.114364356,-0.08354112,0.13547546,-0.21637182
52,0.35887516,0.19417271,0.08068149,0.13539088,0.16933246,0.04622217,-0.2503806,0.082198136,-0.09304608,0.034782503,0.41668937,-0.06957817,0.058006987,0.26167724,0.031142665,-0.030276498,-0.044369806,-0.092784375,0.13777637,0.19248606,-0.07483621,-0.1962736,0.05039416,-0.07641863,0.028632903,0.15956207,0.34791794,-0.069032796,0.09524398,0.025366388,-0.053518217,-0.25612593
53,0.513649,0.16242525,0.19783103,0.057590194,0.12752153,0.05916663,-0.30553585,0.03822996,-0.14870778,-0.035770305,0.47495937,0.09582885,-0.11828533,0.27184576,0.045134604,-0.04643742,-0.024000758,-0.12576707,0.0887472,0.08976856,-0.13857023,-0.28388336,-0.11645292,-0.07132935,-0.08338315,0.09725047,0.20201036,-0.18743235,0.03543261,-0.059754837,-0.22444849,-0.38761142
54,0.5681075,0.119395524,0.31913733,0.07089849,0.028289394,-0.027920416,-0.06581076,-0.070957854,-0.14125584,-0.07929179,0.3022763,0.12784457,-0.38358366,0.32598636,-0.018517848,-0.16450463,-0.004253582,-0.0775578,-0.03210239,-0.091993004,-0.22090457,-0.37448233,-0.20068677,-0.1775363,-0.20538107,0.1612523,0.12575543,-0.14161035,-0.02693046,-0.16970016,-0.29521543,-0.28895295
55,0.5896481,-0.015695726,0.1517008,0.13088718,0.044967335,-0.021746056,0.11130844,-0.23469508,-0.16652468,-0.04776406,0.091993645,0.3065635,-0.4371179,0.39938042,-0.017645054,-0.13009623,0.051323984,-0.119918115,0.0006922075,-0.15130898,-0.26593658,-0.27126446,-0.18035975,-0.19919784,-0.033897374,-0.06472914,-0.121618636,-0.11677513,-0.05474952,-0.21433972,-0.18918474,0.032542795
56,0.42148206,-0.18999273,0.06767078,0.09625244,-0.07442755,-0.11501086,0.16320352,-0.4013085,-0.18881035,0.070030384,-0.035405423,0.3913985,-0.38101798,0.305632,-0.060952466,-0.2106665,0.13355942,-0.07923156,0.07245308,-0.31684566,-0.30401358,-0.037566658,-0.104140274,-0.18066536,0.021091707,-0.178044,-0.2064871,-0.14666545,-0.12881407,-0.10044456,0.04928303,0.27390492
57,0.04032575,-0.1901146,0.07564977,0.075874954,-0.19820008,0.023566686,0.027582575,-0.3573794,-0.12905201,0.0679112,-0.06402223,0.23826328,-0.0836361,0.19540682,0.09298165,-0.26464033,0.24895328,0.04410571,-0.09337204,-0.38373718,-0.21670492,0.058901336,-0.10334403,-0.23083346,0.090318345,-0.14824231,-0.13327399,-0.11034856,-0.030634386,-0.042386275,0.18518938,0.3128169
58,-0.18760417,-0.24677277,0.17838942,-0.0016963148,-0.036449693,0.14793043,-0.005018418,-0.24216469,-0.034169775,0.16232,-0.012218595,0.07747938,0.11764744,0.046716757,0.08857149,-0.2853855,0.20340925,0.039247073,-0.2349572,-0.31533223,-0.22716634,-0.0061014565,-0.08821494,-0.19763938,0.097999044,-0.115838476,-0.0030239376,-0.15468214,-0.03905078,0.051229917,0.32856262,0.08117543
59,-0.3600792,-0.24654607,0.2450015,-0.109762184,0.09345123,0.3226145,0.002321124,-0.20124853,0.011949152,0.18512534,0.09995251,-0.20883484,0.22760667,-0.17671852,0.11119371,-0.22893032,0.023209944,0.18441148,-0.27744564,-0.17774868,-0.14101923,-0.08495624,-0.0119180055,-0.21779922,-0.027097154,0.019663133,0.09470043,-0.14339684,-0.009766361,0.14935417,0.229826,-0.08847485
60,-0.32188654,-0.25240612,0.15624024,-0.12799244,0.2666957,0.36385944,0.025615482,-0.12498005,0.12046542,0.11343948,0.1114657,-0.28620166,0.28065568,-0.13578658,0.20066574,-0.18989857,-0.07835696,0.18495937,-0.16132216,-0.021700345,0.01317116,-0.12805969,0.010151679,-0.0497127,-0.15514551,0.1101906,0.18010694,-0.05971699,0.0044322754,0.06951345,0.11012412,-0.107156515
61,-0.26936975,-0.23486273,0.16844715,-0.19353208,0.23004,0.2989723,-0.09421931,-0.11000177,0.18578015,0.08316145,0.02154841,-0.28229085,0.32916617,-0.16229732,0.154543,-0.17534818,-0.28747663,0.15361942,-0.05897372,-0.018049506,0.0745217,-0.11536708,0.05465081,0.020704783,-0.1534584,0.06032135,0.24472044,0.11979716,0.20953451,0.06086925,0.07564679,-0.10465638
62,-0.14519754,-0.3726997,0.06523202,-0.098355055,0.20513973,0.11894236,-0.05180276,-0.07441136,0.094797306,-0.046606544,-0.04442029,-0.20007344,0.2223238,-0.08508263,0.09370754,-0.23335205,-0.2869468,0.15912816,0.12320221,0.093377724,-0.015075788,-0.09373782,0.039066352,0.021889932,0.009101724,0.07379942,0.16868696,0.13745116,0.27827564,0.0012145191,0.14305562,-0.10915472
63,0.046054747,-0.27323848,0.13093778,0.039329827,0.0627202,0.12460185,-0.021062156,-0.094146185,0.11424554,-0.22918783,-0.07707017,-0.08337827,0.055269636,-0.10974883,0.0069718673,-0.3224352,-0.13428295,0.08238494,0.19674934,-0.0036266516,0.06969152,0.13139965,0.14198014,-0.021972213,0.13756125,0.039575744,0.057905912,0.08559026,0.28106093,0.05680552,0.20307459,-0.15848559
64,0.16142641,-0.11504445,0.3308268,0.114848636,-0.1832377,0.03550481,0.038020954,-0.23429237,0.13047683,-0.25946134,-0.03547619,-0.13450237,0.009672094,-0.055316888,0.07560926,-0.32839343,0.0023999093,-0.006637519,0.22121392,-0.025003467,0.102885865,0.2241684,0.037951272,-0.041990623,0.08590122,0.05960839,0.09163455,0.04074238,0.25776818,0.1177827,0.054576468,-0.30217868
65,0.20822777,0.041276727,0.35790715,0.21838163,-0.24310818,-0.004777923,0.05462123,-0.09523809,0.05627713,-0.19031054,0.04829888,-0.13896154,-0.096758395,-0.07404874,0.059014685,-0.3759173,0.20548216,0.0848311,0.27496862,-0.026564376,0.033349082,0.38545743,0.10355293,-0.045815703,0.03546157,0.0637091,0.09010238,-0.03802156,0.14604983,0.09182069,-0.07427208,-0.16794275
66,0.30739045,0.07439391,0.19801031,0.34530112,-0.3504938,-0.09202609,-0.0024537484,-0.11573847,-0.10449536,-0.034456763,0.110415064,-0.087323844,-0.25056624,-0.12839724,-0.05976563,-0.29467073,0.17070949,-0.011947639,0.4877295,0.047170695,-0.07486173,0.34949416,0.1401572,-0.0037033898,0.05574064,0.11171188,0.08766347,-0.112480335,0.08133792,0.09036722,0.026992677,-0.043881666
67,0.08528978,0.24990536,0.12649064,0.18733354,-0.31504664,-0.13772395,-0.048262667,-0.13769208,-0.115072586,0.05337801,0.21615745,-0.08515709,-0.17437413,-0.3337185,-0.08699016,-0.16464363,0.0740583,-0.12447447,0.62410575,0.18162334,-0.111780584,0.2384496,-0.070488416,0.11157952,-0.05791638,0.13489832,0.055386532,-0.01751493,0.080753654,0.08545052,-0.0031526498,0.07691648
68,0.03773602,0.21563916,0.012905766,0.12224212,-0.14478388,-0.05982589,0.08120563,-0.016483665,-0.21062796,0.097576186,0.18559363,-0.11183279,-0.11185348,-0.22982492,-0.05720384,-0.10320404,0.017460667,-0.14223598,0.66785675,0.16677329,-0.119214945,0.087841295,-0.20287389,0.15765972,-0.0831499,0.038376223,0.017914493,-0.08260713,0.0486424,0.10152683,0.18176153,0.10556436
69,-0.029990317,0.364631,0.059549,-0.055579696,-0.1418814,0.06301993,-0.08649517,-0.012290108,-0.23053786,0.15601835,0.25405273,-0.182288,-0.06850604,-0.19357908,0.03268768,-0.017398572,0.0065418975,-0.19899411,0.41544527,0.13212003,0.011727035,-0.041042496,-0.21436782,0.14483823,-0.27911848,0.0073303655,0.060675584,0.01173686,0.064200744,0.09537925,0.27699083,0.0602616
70,-0.02820934,0.35769433,0.18506327,-0.2505384,-0.07542838,0.17153949,-0.014010693,0.018869193,-0.13930131,0.17395833,0.15994127,-0.21325466,-0.09869138,-0.15897724,0.0602183,-0.05926661,0.09725381,-0.10616827,0.20652772,0.12780496,0.040379394,-0.12411961,-0.12378546,0.0829352,-0.32755274,-0.094547816,0.03169997,0.10043471,0.13564411,0.09512455,0.23942345,0.068031095
71,-0.121322274,0.19262597,0.23349787,-0.25598222,-0.10397454,0.13178505,-0.005220015,0.030141346,-0.091811545,0.22203349,0.15393573,-0.09792073,-0.12683877,-0.050397687,0.082128994,-0.14347127,0.051669475,-0.057702452,0.05169143,0.1485565,0.058451194,0.045671858,-0.067858346,-0.1431714,-0.2577103,-0.16543002,0.012371665,0.01791947,0.06551962,0.04904193,0.17415215,0.04661437
72,-0.011118525,0.033072457,0.23032726,-0.13745324,-0.03036091,0.023627164,-0.025109129,0.023629157,-0.0800824,0.10956182,0.056229092,-0.032053087,-0.12121113,-0.007674052,-0.021627897,-0.3411388,0.1641991,-0.102127954,0.06968077,0.19429684,0.017819999,0.31085998,0.051628754,-0.31908146,-0.10831566,-0.34050813,-0.100957766,0.045451365,-0.049265865,-0.024039518,0.10355172,0.13481313
73,-0.02586737,-0.049131535,0.22758566,-0.16601104,-0.094632864,-0.14644264,-0.09443683,-0.011790279,-0.11505165,0.0065452293,-0.09866025,0.0040481384,-0.020117655,-0.043721963,-0.15593453,-0.28234547,0.13577078,-0.1563011,0.048900515,0.12343623,0.07184905,0.41229576,0.06296045,-0.3410541,-0.123423114,-0.28268006,-0.1959095,0.042713128,-0.004279913,-0.17797963,0.003648785,0.12625942
74,-0.11667351,-0.013380373,0.18882173,-0.035387814,-0.19047716,-0.32378307,-0.05856758,-0.10104564,-0.084586546,0.097698554,-0.18744963,-0.008907033,0.17662616,-0.13165843,-0.15117839,-0.09257523,0.0849537,-0.29577622,0.13919637,-0.03852311,0.05730823,0.37544355,0.013212335,-0.1266482,0.014156774,-0.10692579,-0.15621996,0.17463525,-0.016142456,-0.16431318,-0.21311179,-0.01322471
75,-0.14844738,-0.13026579,0.21346553,0.15705055,-0.28331843,-0.41312426,-0.14271122,-0.21146928,0.013297961,0.0023602063,-0.15544784,0.029159425,0.30732566,-0.08532624,-0.036367007,0.05206882,-0.0031234669,-0.38129592,0.057866327,-0.0947216,0.19082233,0.097265445,-0.116465405,0.066146255,-0.0036904835,0.019094449,-0.08797771,0.2521305,-0.0030789378,-0.16675659,-0.38976446,-0.14951685
76,-0.020253366,-0.23383397,0.19016702,0.39877036,-0.28388742,-0.31936687,-0.07736168,-0.060458597,0.041654762,0.059968706,-0.19633225,0.05218925,0.26291892,0.043036245,-0.024056492,-0.0001969311,-0.021040639,-0.24433927,0.036914803,-0.10151915,0.21326219,-0.015634673,0.0116668455,0.10629708,0.09779067,-0.044695105,-0.07793326,0.2723333,0.025644246,-0.073783286,-0.3889637,-0.09677704
77,0.10202224,-0.38498896,0.06591763,0.36493942,-0.25511575,-0.1496706,-0.016981922,-0.052180342,-0.018846184,-0.053123105,-0.28251168,0.16484271,0.073800795,0.11623691,0.034115996,-0.13824153,-0.02671042,0.01723946,-0.043463353,-0.045890417,0.25510386,-0.07836988,0.05070483,0.0029397262,0.28636152,-0.1598889,-0.13045639,0.1451516,-0.041448336,-0.025438087,-0.2973653,-0.07319487
78,0.13993822,-0.4345232,0.14430699,0.2793098,-0.18891041,-0.07073209,-0.14394972,-0.02843709,-0.00940388,-0.15424691,-0.3307018,0.2680348,-0.00972818,0.26704243,0.05191389,-0.32821864,0.079915,0.1374369,-0.147872,-0.06581389,0.22884734,0.0430352,0.12638195,-0.051315587,0.31013688,-0.14896478,-0.18887837,-0.008568241,0.051324364,0.006449796,-0.22890209,-0.1438243
79,0.16273603,-0.3324325,0.17831247,0.11894636,0.024772873,-0.07967561,-0.22530544,0.13828105,-0.06102171,-0.2831047,-0.3789692,0.38431516,-0.18624102,0.32089335,0.07907577,-0.3976578,0.08170721,0.21977241,-0.31832722,-0.17285356,0.22238061,0.09585673,0.05207405,-0.19989076,0.28950936,-0.093407534,-0.27628106,-0.123665966,0.07866793,0.1388819,-0.17102897,-0.09991185
80,0.10242284,-0.15781774,0.27059937,-0.027544156,0.13687694,-0.11057302,-0.39337605,0.022424178,0.04326916,-0.33787242,-0.2624273,0.40137884,-0.14298013,0.1455477,0.15850095,-0.40867883,-0.09563786,0.04897796,-0.42794588,-0.30352688,0.18558387,0.12253714,-0.1301577,-0.1478078,0.22470513,-0.041145783,-0.20907764,-0.15152793,0.09682654,0.23510987,-0.12798409,-0.04456636
81,0.12417881,-0.12239537,0.31475556,-0.2102649,0.26391435,-0.1516827,-0.29148972,0.0050928346,0.14794888,-0.3635778,-0.24649072,0.3232975,-0.16005564,-0.008339947,0.24963225,-0.34319714,-0.20026994,-0.01410885,-0.4455989,-0.34977534,0.17848916,0.114368096,-0.23000573,-0.071723685,0.1723601,0.016296718,-0.22769108,-0.20049153,0.12879491,0.17632201,-0.10069011,-0.03676893
82,0.045551565,-0.120877236,0.32286847,-0.23878855,0.37999356,-0.15950555,-0.2750259,0.10958023,0.08829848,-0.40360922,-0.3051983,0.19598813,-0.09138153,-0.00353233,0.17033587,-0.2390516,-0.3270822,-0.035443023,-0.40827575,-0.25787553,0.057929263,0.05092001,-0.41924396,-0.16741869,0.038651355,0.20122962,-0.3319725,-0.26239535,0.045347445,0.14222065,-0.07140878,-0.0728076
83,0.061042994,-0.1486857,0.122889176,-0.105670184,0.39028963,-0.04573611,0.035058904,0.1538409,0.019734211,-0.2802037,-0.29078367,0.05744844,-0.11402589,0.10812952,0.0512281,-0.20253658,-0.36874485,0.024086487,-0.33865264,-0.20230754,-0.16418949,-0.11386332,-0.3279849,-0.23882158,0.040545654,0.26972252,-0.2938841,-0.2967995,0.02234557,0.027629603,-0.053605624,-0.15457714
84,-0.017417511,-0.016752906,0.02019675,0.0038373335,0.38203433,-0.0065742712,0.2317779,0.11005223,0.040554434,-0.03617214,-0.15157197,-0.10729263,0.023219995,0.21993843,0.0018743419,-0.18930559,-0.32723215,-0.0060105477,-0.12723087,-0.05935581,-0.21672264,-0.22683363,-0.23574889,-0.21258144,0.04816349,0.15789267,-0.15352605,-0.3253212,0.054265697,0.014074852,0.054604683,-0.20443322
85,-0.085835375,0.13233042,-0.15101275,0.13219063,0.26827234,-0.1059092,0.38794968,-0.081743576,0.081897944,0.21471651,-0.12054632,-0.23053865,0.14994787,0.22608484,0.010702954,-0.23487866,-0.22590365,0.04612119,0.16528577,0.1285833,-0.26755008,-0.10647122,0.055025168,-0.24173795,0.22799812,0.022723006,0.038783833,-0.23887324,0.10017337,-0.022968326,0.06893578,-0.07920092
86,-0.12310522,0.25736815,-0.095780954,0.30215934,0.10860166,-0.2644837,0.38758767,-0.20630865,0.12375546,0.30030015,0.09593128,-0.26133937,0.10331978,0.088322125,-0.13978711,-0.22660692,-0.10349958,0.061548233,0.30215424,0.08227066,-0.26727593,-0.12598152,0.18388258,-0.07448108,0.32544842,-0.034205157,0.13725215,-0.043438397,0.1312948,-0.058911845,-0.0068943277,-0.07878519
87,-0.13104834,0.31918144,0.011391165,0.29849285,-0.0933274,-0.37637,0.35789692,-0.24979669,0.05121276,0.31326747,0.15762338,-0.3663458,0.060986068,-0.18966745,-0.20503391,-0.08834936,-0.10276001,0.10040667,0.17792852,0.06677488,-0.24044067,-0.060397964,0.20530398,-0.054627985,0.37601304,-0.052143574,0.1426164,0.021082778,0.1882312,-0.06298762,-0.058754977,0.044819687
88,-0.0999443,0.26070422,-0.09286822,0.41083255,-0.077250876,-0.30363023,0.17358205,-0.02557198,0.13923205,0.30217826,0.32043335,-0.42125028,0.085566424,-0.3075107,-0.33204702,0.006396393,-0.24200802,0.15007429,0.11996921,-0.06282487,-0.20353414,-0.20191795,0.2648981,-0.010944388,0.29220796,0.033831675,0.084698826,0.19926271,0.18160942,-0.1257821,-0.0996839,0.039760742
89,-0.16002795,0.29898828,-0.058719188,0.42456675,-0.014980055,-0.1191784,0.014831246,0.17101416,0.11908753,0.15397719,0.30042037,-0.5548117,0.052934945,-0.15462627,-0.28156552,0.0065206327,-0.41881034,0.3057317,0.048497804,-0.11670013,-0.09309888,-0.25747162,0.15435123,-0.026958056,0.22573826,0.10401475,0.086247586,0.31088707,0.19055773,-0.14545213,-0.076031566,0.082219854
90,-0.013961115,0.20275252,-0.16348968,0.23212628,0.14185975,0.066550314,-0.033977322,0.2752986,0.12305565,0.1396823,0.29708806,-0.46256176,-0.026432745,0.05145128,-0.15020977,-0.07038771,-0.51930994,0.32427981,0.07577242,-0.077534735,0.07348765,-0.33823454,0.26302007,0.014759224,0.04787862,0.12638775,0.06009938,0.268098,0.21543108,-0.12864219,0.016487785,0.113756664
91,0.20291157,0.025626548,-0.14096865,0.08081039,0.16352665,0.1587783,0.05567325,0.24474342,0.08693496,0.07357841,0.20094714,-0.32244685,0.0025478133,0.117285766,-0.05764572,-0.10109144,-0.46970442,0.35982892,0.09358994,-0.10977399,0.2009251,-0.16619743,0.25095475,0.0041518137,-0.16177702,0.08062315,0.0005959265,0.2134933,0.20894705,-0.117773846,0.1172753,0.08641555
92,0.31009308,-0.08294914,0.14671871,-0.059443947,0.13485584,0.23467761,-0.057776567,0.02839917,0.08627425,0.07811395,0.21850581,-0.27900124,-0.06726254,0.23092325,0.066014186,-0.0838844,-0.30175966,0.26931325,0.06967293,0.10962537,0.31803256,-0.11442076,0.15094675,0.057204198,-0.22364156,0.08600435,0.038000207,0.19996388,0.3856173,-0.061473764,0.22828226,-0.015806012
93,0.3843634,-0.09949389,0.1796451,-0.15002838,-0.004430928,0.18819015,0.12589446,-0.07002064,0.10101022,0.13380203,0.17081508,-0.14827925,0.12988803,0.3646944,0.14728169,-0.14019425,-0.24182491,0.18136092,0.16501895,0.29638642,0.3205895,-0.09540314,0.04021182,0.10640085,-0.1507083,0.111565806,0.11162468,0.12897813,0.39731476,0.034135696,0.329452,-0.06310889
94,0.29435515,-0.11642077,0.24355905,-0.114122264,-0.04928889,0.2231396,0.30355883,-0.16469103,0.007007263,0.08871349,0.069925494,0.11469405,0.16462553,0.29332894,0.13520303,-0.11016774,-0.08034289,0.071367085,0.4639687,0.43676013,0.12817766,-0.05999934,-0.10575288,0.027097315,0.07602268,0.07158825,0.05369052,0.075908706,0.3246811,0.12286,0.33847857,-0.15954539
95,0.1265622,-0.17914607,0.17765598,-0.21437642,-0.07289635,0.1959113,0.45686832,-0.1207234,-0.03719873,-0.060467247,0.01245376,0.33173835,0.2948176,0.25251633,0.07149597,-0.06447333,-0.117166325,-0.003380582,0.52450943,0.48342222,0.10079986,-0.10940719,-0.27398202,-0.009887407,0.04649966,0.013529358,0.13875125,0.028472325,0.3081445,0.0662477,0.233964,-0.13144407
96,0.073946685,-0.18197574,0.18580163,-0.18797703,-0.08275404,0.028060013,0.34055293,-0.21480933,-0.041694134,-0.24119407,-0.04252784,0.3563194,0.21388385,0.20334008,0.0256507,-0.08791104,-0.13712846,-0.066810384,0.5984054,0.41065183,0.14521971,-0.031256363,-0.26594034,-0.03255393,0.13052493,0.06374078,0.14008242,0.14941207,0.3356436,-0.02904704,0.09400375,0.10710704
97,-0.089781746,-0.14051476,0.1694094,-0.1424651,-0.07159536,-0.06552328,0.15421377,-0.08198954,-0.0455403,-0.30606434,0.056640785,0.23316477,0.16317433,-0.061279893,0.0019664122,-0.14638335,-0.21606919,-0.19033115,0.5384562,0.23636287,0.13345122,-0.019319007,-0.2907809,0.063584395,0.077598,-0.015973093,0.21556184,0.13866752,0.3378602,-0.06621207,0.03662385,0.22118846
98,-0.20874707,-0.13378632,0.21785897,-0.06499636,-0.007969939,-0.30466092,0.0464969,-0.090934075,-0.0103012975,-0.45879805,0.109824345,0.02342249,0.086309575,-0.07779636,0.003497598,-0.23525341,-0.18441267,-0.23342386,0.46130285,0.1666203,0.05695466,-0.044060063,-0.0070333057,-0.08606848,0.19559544,0.026900534,0.15494584,0.14506005,0.26266852,-0.17319183,-0.09554604,0.2552081
99,-0.20251374,-0.06172641,0.094950356,0.09584909,-0.034202,-0.41717258,-0.07764572,-0.121246964,-0.09262366,-0.4166012,0.13638161,-0.101109326,-0.026893169,-0.040050916,-0.064569354,-0.33952805,-0.09996304,-0.3070524,0.49161056,0.13507451,-0.025190905,-0.17946398,0.120205306,-0.10880043,0.17380649,0.074221335,0.18282397,0.14286433,0.11530226,-0.2590889,-0.030196559,0.051264584
100,-0.037357382,0.034002732,0.017033145,0.27329335,-0.03566441,-0.2863378,-0.081820145,-0.1450152,-0.106322564,-0.3767938,0.16291769,-0.20146169,-0.00730011,0.07076437,-0.06794532,-0.25549936,0.036618188,-0.15116346,0.37036315,0.060201436,-0.06584509,-0.17157431,0.20447446,-0.10764612,0.16328469,0.10774807,0.15989055,0.037889276,-0.014170053,-0.24268778,-0.057630815,-0.018533329
101,-0.059297673,0.051939495,-0.06677753,0.31457862,0.22234724,-0.12964533,-0.044439934,-0.16245013,-0.03479256,-0.22141325,0.11721202,-0.14281216,0.04136613,0.035419635,0.0054945685,-0.14557076,0.22326037,0.006333091,0.24462016,0.047898702,-0.14875594,-0.14123958,0.11054944,-0.17168275,0.24360916,0.15641846,0.079139665,-0.16290519,-0.03511866,-0.19854261,-0.054783534,-0.08840431
102,-0.032661438,0.12693225,-0.01806377,0.37045142,0.34189376,0.059213243,-0.07001034,-0.2662878,0.01939367,-0.02426428,0.13200653,-0.24109139,0.09453789,0.0072823013,0.101858474,-0.07164654,0.19622396,0.28745902,0.10568598,-0.03359153,-0.06740779,-0.15056525,0.0719946,-0.13022912,0.31169814,0.3116363,0.08283932,-0.24912132,-0.040858127,-0.13780217,-0.2763996,-0.11480057
103,-0.13126613,0.25779876,-0.009245462,0.3092826,0.34952912,0.29160655,0.0036877345,-0.09964085,0.14796862,0.12548982,0.10722623,-0.19918235,0.10936472,0.0021631294,0.1786895,-0.0042087203,0.19174765,0.39011854,-0.046255134,-0.020177558,0.055192214,-0.0013839889,0.026872436,-0.055883806,0.16167964,0.23624255,-0.01609562,-0.33261317,0.07369266,0.07562215,-0.3157375,-0.10965488
104,-0.34698397,0.31295434,0.059613574,0.094786614,0.17812993,0.43349445,0.017617688,0.010757815,0.27195585,0.1736281,0.047989193,-0.1383691,0.08374992,-0.072488956,0.2805666,0.009387376,0.35339296,0.4556368,-0.039297584,-0.18850192,0.09175786,0.014948197,0.087731756,0.015397063,0.023442438,0.31793693,-0.11077599,-0.1338569,0.108977206,0.19721252,-0.30960768,-0.23076274
105,-0.4492446,0.3238125,0.037740733,-0.012360279,-0.15030597,0.51000947,-0.035928447,0.16935638,0.25351122,0.19030036,-0.051593564,-0.014063331,0.029702406,-0.061024483,0.21760282,-0.0065318393,0.38690433,0.423373,-0.013234711,-0.30295917,0.15871128,0.0379511,0.1398732,0.0638681,-0.19864784,0.3514935,-0.15705132,-0.018990668,0.2142083,0.34622407,-0.3418419,-0.37291923
106,-0.30714652,0.39246336,0.06036219,-0.094622225,-0.35636997,0.32985112,-0.09616363,0.37193507,0.20353906,0.21055448,-0.078827456,0.122543365,0.13055275,-0.10119136,0.10202745,-0.0042703236,0.35750255,0.2509822,0.05985864,-0.40568504,0.19217189,0.06487996,0.12840192,0.112117976,-0.22280899,0.3664044,0.015495171,0.07571645,0.18536377,0.381176,-0.1239329,-0.40128642
107,-0.07621087,0.27983704,0.041789167,0.034706052,-0.23264593,0.14075686,-0.09071725,0.4077157,0.15275265,0.080941536,-0.08728981,0.07014464,0.17814827,0.12607118,0.028413994,-0.16059585,0.19010873,0.09436031,0.14917262,-0.24831958,0.09729537,0.20871976,0.08171948,-0.01272715,-0.14503723,0.19314653,0.08304132,0.03432821,0.17462108,0.4254991,-0.0053143776,-0.2445648
108,0.21506634,0.11610319,0.11008849,0.1395638,0.018955514,-0.0297945,-0.040916983,0.41018552,-0.11129113,0.015257239,-0.25306895,0.056732822,0.053470984,0.21817215,-0.1415728,-0.20293318,-0.016856877,0.01580949,0.18697079,-0.02449967,0.083354846,0.11329137,0.1570195,-0.050913032,-0.08623021,0.08717637,-0.05720466,0.17995916,0.13921838,0.2724454,0.040599786,-0.1639842
109,0.22413474,0.018217878,0.11396983,0.16733918,0.08140432,-0.16409153,-0.080401875,0.2575254,-0.22742943,-0.083277225,-0.26780608,0.106854856,-0.015873423,0.24520224,-0.115021095,-0.28688756,-0.14926364,-0.0010249082,0.11417425,-0.02216559,0.10042317,-0.037937317,0.04849638,0.04190768,-0.105744645,0.09283552,0.020348528,0.2899839,0.16863357,0.25913954,0.066224374,-0.08029576
110,0.12107883,0.019597635,0.14054437,0.2389453,0.12330835,-0.12411961,-0.12085236,0.25533587,-0.20673512,-0.08160237,-0.1943215,0.1641801,0.037662257,0.209156,-0.18132013,-0.35172313,-0.15723704,-0.14437762,0.021837285,0.008662866,0.18152286,-0.16326395,0.0063633756,0.10204786,-0.12716942,0.083083004,0.0075381235,0.37446913,0.15672332,0.08898814,0.042312767,-0.100766905
111,-0.06487711,0.03425154,0.047411967,0.13349535,0.14869316,-0.17694771,-0.072569214,0.18645489,-0.25236782,-0.061704375,-0.050491866,0.20497641,-0.04461986,0.12625399,-0.087191984,-0.26957712,-0.21117885,-0.18258084,-0.13583352,-0.17677914,0.1769536,-0.33238718,-0.17895707,0.17232773,-0.24286541,0.13221428,0.1452564,0.3374779,0.022761002,0.024251798,0.047497895,-0.17903845
112,-0.10243321,0.095365025,0.08813814,0.13443618,0.11977668,0.025471732,0.006076617,0.21295528,-0.17977488,-0.08183694,-0.09154777,0.13305095,-0.036993667,0.014369217,-0.0560111,-0.24378464,-0.1816165,-0.15957819,-0.13916424,-0.22588293,0.0061796494,-0.2691873,-0.26916754,0.19904304,-0.20776555,0.026577307,0.12912074,0.2155183,-0.1430222,-0.06655428,0.091835275,-0.20043671
113,-0.25061944,-0.013928063,0.17195542,0.08947789,0.123598866,0.014790519,-0.030134516,0.24771734,-0.073989436,-0.07942485,-0.013445362,0.14091514,-0.12164624,-0.040830154,0.0289291,-0.3267218,-0.12687714,-0.15752253,-0.0597475,-0.34800953,-0.06540399,-0.13056953,-0.3554469,0.15591548,-0.20781627,0.06589149,0.14648786,0.1562468,-0.10275283,-0.18641028,0.12679175,-0.2041751
114,-0.2884907,-0.12736155,0.23011832,0.0668061,0.08731097,-0.012310062,0.05582899,0.3047681,-0.021835124,-0.118486084,-0.018692587,0.1944771,-0.1622789,0.019346273,0.04746449,-0.5142935,-0.10858231,-0.03082856,0.10241702,-0.4150225,-0.19864917,-0.036893986,-0.22558092,0.082572855,-0.2905029,0.048911367,0.099236235,0.09615577,-0.027882779,-0.24054979,0.15948819,-0.040846787
115,-0.18392393,-0.25299007,0.28493565,0.09159157,0.01471974,-0.10348895,0.045828465,0.20856938,0.06881886,-0.060934827,-0.04867097,0.14266351,-0.21636386,0.0134935565,0.12444907,-0.5321785,-0.13537556,0.004947523,0.1280961,-0.32269445,-0.2291994,0.09146153,-0.091484435,0.13867342,-0.17227688,0.036087867,0.017338434,0.20704333,-0.019599972,-0.15712631,0.24801557,0.196533
116,0.017004915,-0.19413373,0.32676065,0.07836792,-0.010548167,-0.049574878,0.1221023,0.15350641,0.0005634251,0.0040960605,-0.12473005,0.024538206,-0.2301549,0.018515531,0.12680328,-0.5799686,-0.08814671,0.1603725,0.100766145,-0.19163468,-0.25596538,0.1347931,0.15466186,0.10517945,-0.21130486,-0.05545716,-0.12337313,0.1004921,-0.009737298,-0.09545354,0.35249,0.30807507
117,0.081323884,-0.16590574,0.44842833,-0.025741803,-0.07422448,-0.036477998,0.031091044,0.02065105,0.064996086,0.09572414,-0.024841284,-0.09672389,-0.25297087,-0.08290003,0.093972266,-0.40931758,-0.21887574,0.13809742,-0.15600495,-0.030603198,-0.1572567,0.052940603,0.21643616,0.037807807,-0.21780755,-0.03802187,-0.06922153,0.1231467,-0.025577601,-0.02365254,0.2518564,0.40020502
118,0.15044035,0.0778295,0.5292803,-0.24348651,-0.16174245,0.04119402,0.032722283,0.005461484,0.22708912,0.13951111,0.143087,-0.25188684,-0.21323675,-0.34588698,0.13554461,-0.28872734,-0.3692922,0.15757513,-0.28938153,0.08797427,-0.09152219,0.068489075,0.23998712,0.13226801,-0.31368396,0.076933175,0.016549567,0.09458767,-0.019438934,0.08362289,-0.022637738,0.35077146
119,0.18304221,0.11935935,0.40119797,-0.208469,-0.17192023,0.0895795,0.15293057,-0.057165455,0.21631067,0.13032578,0.17386547,-0.3760554,-0.11937189,-0.24325135,0.068337366,-0.18189098,-0.3233098,0.12133723,-0.21410455,0.16045193,0.06748682,0.058862943,0.11363561,0.048539046,-0.322556,0.01096276,-0.06901545,0.08127488,-0.1397888,0.056291386,-0.112012066,0.38013732
120,0.21197164,0.123981856,0.19459352,-0.22158122,-0.0820182,0.2068853,0.4394346,-0.15757924,0.18119924,0.12982847,0.02262268,-0.18477908,-0.090936065,-0.21481884,0.00040853347,-0.15225032,-0.37954095,0.095417485,-0.027032288,0.12509878,0.077453695,0.0075701955,0.084650084,0.011226408,-0.16262823,0.044942565,-0.16374756,0.06892896,-0.2458791,-0.04295901,-0.0998173,0.4294896
121,0.24983373,0.035356365,-0.03302913,-0.078369655,0.14740948,0.25831592,0.6460761,-0.24688904,0.0025705297,0.0879541,-0.24578102,-0.13330275,-0.025959766,0.020612085,-0.07357151,-0.0840666,-0.3550534,-0.01212668,0.05884259,0.14677706,0.01221751,0.016123453,-0.20391001,0.04286261,-0.05406341,-0.016115015,-0.34880584,0.007596583,-0.2536916,-0.19716077,0.042853102,0.49116105
122,0.07851812,0.008802826,-0.08158296,-0.17891233,0.19119361,0.23927847,0.64854556,-0.41713664,-0.13540937,0.029734593,-0.25929424,-0.011714866,0.0670579,0.12094379,-0.052758023,-0.12819456,-0.1175839,-0.10437099,0.028085014,0.06222845,0.056594856,0.22478582,-0.42223734,0.06382332,0.087652154,-0.012711785,-0.45223746,0.12210757,-0.032641176,-0.13474934,0.010550067,0.3256951
123,-0.061104737,0.035973173,0.03020048,-0.3107608,0.051779713,0.053263087,0.4535692,-0.5373221,-0.15782188,-0.039101988,-0.2036793,0.013883434,0.033801727,0.016117841,-0.0015630233,-0.13292204,-0.026186462,-0.2557764,-0.1380846,0.038757216,0.14516862,0.2619417,-0.55406344,0.055440146,0.113671914,0.009339813,-0.410499,0.1599917,0.15700527,-0.044502795,0.011941921,0.11510532
124,-0.018329818,0.08450314,0.082742505,-0.29232252,0.038037214,-0.12089848,0.17123595,-0.32248467,-0.0990497,-0.13272977,-0.072620414,0.02823829,-0.04952797,0.024118379,-0.007874194,-0.16991375,0.120736375,-0.18986768,-0.21302283,-0.097332105,0.034414813,0.25007772,-0.44374236,0.04871723,0.24607152,-0.02905224,-0.26612732,0.17638625,0.26030797,-0.07159716,-0.02539782,0.09803992
125,0.11629681,-0.035621896,0.1687451,-0.27053002,0.023772843,-0.16274172,0.008637416,-0.10841698,-0.11153729,-0.19802466,0.034631986,-0.0686409,-0.0742303,-0.13597134,-0.0441117,-0.28741243,0.1049657,0.03808052,-0.2931308,-0.245814,0.04922356,0.08293599,-0.16331397,-0.006154856,0.14265923,-0.07270522,-0.13692501,0.1601342,0.16210702,-0.10482263,-0.16390386,0.3050557
126,0.33513328,0.024077456,0.101979256,-0.19416973,0.039151687,-0.0037523285,-0.13239706,0.08411761,-0.046607457,-0.119093366,0.113988906,-0.11395865,-0.00087436975,-0.189723,-0.08421743,-0.31472385,0.07201775,0.35936114,-0.23254858,-0.43620312,0.004922469,0.13526426,0.26239058,-0.06543127,0.1970123,-0.2316335,0.04829927,0.11097997,0.010295783,-0.047503546,-0.30781382,0.47770792
127,0.290223,-0.08871575,0.1364949,-0.1981814,0.06523896,0.063180044,-0.13175713,0.14001265,-0.08650726,-0.1548752,0.15996543,-0.13285173,-0.030172005,-0.1147452,-0.097370155,-0.4143964,0.14694928,0.52041006,-0.2883976,-0.39532158,-0.10028654,0.19273944,0.24245952,-0.13554618,0.25519997,-0.2753637,0.13076311,0.099437654,0.029672656,0.005765804,-0.33784673,0.45895088
128,0.08713923,-0.04415462,0.035210885,-0.1793411,0.0811832,0.17081594,-0.09914166,0.1404346,-0.064944156,-0.078131795,0.1498059,0.01693075,0.10192689,0.020911897,-0.064132586,-0.33254373,0.33096343,0.32100594,-0.092115715,-0.31921396,-0.077109575,0.18241087,0.09213753,-0.1458376,0.37773806,-0.19084115,0.17187172,0.06207195,0.07310176,0.05015312,-0.27442008,0.31213954
129,-0.21444963,-0.04713331,0.042004216,-0.37926307,0.15457852,0.17102394,-0.053597275,-0.05083953,-0.0019925765,0.05593082,0.19076765,0.04221313,0.12743276,0.033035383,-0.02786933,-0.08396916,0.4282634,0.081798814,-0.08768766,-0.028456446,-0.046681963,0.046879027,0.03606749,0.009629818,0.47901285,-0.066132694,0.22422716,0.15377669,0.051659435,0.059647664,-0.21217856,0.01660123
130,-0.28093988,0.03045501,0.0014398951,-0.15424782,0.11355775,0.2581505,0.10613438,-0.11889336,-0.07000897,0.14588574,0.11390027,0.13783215,0.11462733,0.095537916,-0.00615593,-0.06813017,0.4485651,0.07606926,-0.03501631,0.023382602,-0.091777965,0.013668892,0.103804,0.029678918,0.35981062,-0.01667676,0.16314988,0.12312877,-0.2001542,0.10986015,-0.08948392,-0.16519275
131,-0.18110761,0.09068985,-0.16889136,0.0050128354,-0.015576104,0.12195206,0.04978835,-0.11888538,-0.05305224,0.28033444,0.17215338,0.09511056,0.09241236,0.20448728,0.08181866,-0.08049417,0.3426142,-0.011543277,-0.0481758,0.08170747,-0.25865233,-0.018778244,0.15903006,0.06796354,0.31632394,0.01973893,0.14123459,0.2646729,-0.2863903,0.024750777,-0.14492695,-0.2826087
132,0.03179964,0.111730896,-0.12077632,0.12615736,-0.089172244,0.017398717,0.009941928,-0.17784148,0.018194437,0.32765028,0.21046996,-0.014534105,0.09650654,0.02716116,0.18577859,-0.11513304,0.088024326,-0.058741152,-0.03859738,0.07484584,-0.24187988,-0.026617832,0.25654903,0.1360702,0.16276433,-0.042149615,0.19233532,0.37111983,-0.17303649,0.045152932,-0.1911741,-0.49503893
133,0.07195748,0.08651166,-0.24577022,0.10686874,-0.20033658,-0.1170353,-0.024699928,-0.09084265,0.021283654,0.26249984,0.09518542,0.020839611,0.004932995,-0.00088643294,0.18464032,-0.117217965,-0.10182136,-0.2556624,-0.089514755,0.09971928,-0.15703636,-0.08627679,0.25810844,0.23651597,0.08261404,-0.027782757,0.012630098,0.376253,0.0122384075,0.014473685,-0.18648414,-0.5868855
134,0.15724382,0.05910987,-0.2180288,0.052365262,-0.116264045,-0.08243254,-0.09467018,0.049348086,-0.03899446,0.24756382,-0.10162064,0.053199496,0.032205444,0.031248452,0.1721303,-0.15753642,-0.12453898,-0.18004556,-0.054601606,0.11425016,-0.07768587,-0.087832935,0.24950302,0.18045811,0.107174344,0.05522134,-0.1308198,0.3125171,0.04393165,-0.04150186,-0.06411597,-0.55744714
135,0.18394853,-0.0733156,-0.32810155,0.118768476,0.037272047,0.09420765,0.05392297,0.07621,-0.025136003,0.10208948,-0.21741584,0.17872135,-0.07965968,0.023853097,0.16758421,-0.17383939,-0.054047868,-0.021904845,-0.072320364,0.08600902,-0.111615494,0.054187182,0.050896373,0.12488793,0.11329368,-0.010766235,-0.1829612,0.09375236,-0.12681672,-0.06663953,-0.05118124,-0.18931906
136,0.13250114,-0.2075882,-0.2845819,0.0894901,0.008402227,0.21595304,0.104808405,0.23064959,0.021273477,-0.03997459,-0.21314926,0.08316424,-0.04166617,-0.11009564,0.16500722,-0.0638761,-0.107165575,0.1686861,-0.059687085,0.1713041,-0.0391091,0.00759546,-0.1712485,0.016642656,0.023658646,-0.04011941,-0.2415047,0.033595476,-0.21320055,-0.1363958,0.033787426,-0.119280905
137,-0.00837499,-0.17523137,-0.12276008,0.08402846,-0.09882087,0.20102072,0.08385605,0.16639943,0.19837517,-0.11697791,-0.15742852,0.11976566,-0.055865742,-0.21954817,0.18783708,-0.054531116,-0.16959816,0.08295348,-0.081636265,0.05879324,0.12435768,-0.054312795,-0.22965585,0.012956076,-0.11869606,-0.11236656,-0.16355355,-0.011272569,-0.08652303,-0.07623587,-0.090334766,-0.121366486
138,-0.12698057,-0.11424341,-0.04383497,-0.009091352,-0.12495428,0.027240165,0.021563679,0.15647402,0.21491003,-0.3221341,0.0019679142,0.14226699,-0.084150635,-0.27109888,0.02244624,-0.015712814,-0.091404915,-0.13762,-0.030493809,-0.08442499,0.16846976,-0.24184933,-0.14119054,0.060686115,-0.35982606,-0.16742483,-0.025883488,0.10198122,-0.021208044,-0.028724996,-0.14341557,-0.21528398
139,-0.1417532,-0.1733706,-0.17839704,0.06372532,-0.013003513,-0.09200287,0.111076616,0.25718087,0.14262642,-0.3936143,-0.066290304,0.21168558,-0.14442985,-0.17393775,-0.034968384,-0.07745971,0.026033277,-0.15565455,0.038284305,-0.13028847,0.02994999,-0.27821445,0.07231958,0.06519003,-0.18097672,-0.18379901,-0.06494418,0.06389709,0.011997276,-0.084861696,-0.09419842,-0.18778093
140,-0.17919016,-0.15786847,-0.0663281,-0.029648343,0.028438482,-0.16938403,0.19145635,0.2936665,0.03285649,-0.46264803,-0.1104396,0.11961764,-0.16378263,-0.18548648,-0.1720717,-0.050346576,0.10013545,-0.23316942,0.053149138,-0.16393597,-0.058517765,-0.29897404,0.1893148,0.0273051,-0.11981743,-0.27197644,-0.100474305,0.026505081,0.07497655,-0.14686452,-0.19632246,-0.13182606
141,-0.014083549,-0.21107465,-0.099403,-0.12764584,0.118235685,-0.0648532,0.31569,0.23562253,-0.15850927,-0.365964,-0.21352446,0.061593086,-0.12690434,-0.16980016,-0.32397494,-0.086224936,-0.03770768,-0.07034783,0.13025343,-0.06266939,-0.1265827,-0.16563436,0.22123915,0.0026409498,0.10135339,-0.36116275,-0.16077808,0.003923802,0.008243736,-0.2059668,-0.19399811,-0.013006302
142,-0.006760939,-0.076689035,0.040986918,-0.13505875,0.06930828,0.0507809,0.32971305,0.20106827,-0.16684163,-0.2859324,-0.12778895,-0.011343405,-0.03970305,-0.28708357,-0.26921296,-0.1314929,-0.122103155,0.070302054,0.09311603,-0.05412582,-0.06993341,-0.1551254,0.17069192,-0.08404305,-0.0075365347,-0.34744176,-0.08487817,0.05276174,0.14411718,-0.19717681,-0.3387463,0.13236152
143,-0.090645984,-0.03419861,0.082367785,-0.12983891,-0.068000935,0.0605008,0.3497337,0.077472515,-0.15189274,-0.16460738,0.015525106,-0.010465482,-0.039206933,-0.45961446,-0.20625739,-0.23421729,-0.10627537,0.08840989,0.016933728,-0.101613685,-0.055590887,-0.08799678,0.039749116,-0.013545136,-0.15816149,-0.34785655,-0.011628371,0.13045606,0.22558299,-0.05880003,-0.36421904,0.17563522
144,-0.052044835,0.045601577,-0.003968459,0.04535852,-0.12050206,0.071927,0.30842987,0.0046275523,-0.11904848,0.083288535,0.09155391,0.13578694,0.10725444,-0.33855456,-0.06850162,-0.1776471,-0.10193075,0.052150946,0.02240945,-0.03846829,0.00067013176,0.029567683,-0.030814156,0.03528768,-0.27906433,-0.253739,0.08717344,0.14307283,0.088508844,-0.015455681,-0.24976596,0.13611743
145,-0.08853941,-0.06462123,-0.14145075,0.08655349,0.019369269,-0.046938702,0.29594353,0.042305484,-0.1324478,0.08423666,0.12491491,0.2682868,0.023867896,-0.36558336,-0.03052381,-0.12752455,-0.12121535,0.026678381,0.091934204,0.05625228,0.0053915447,0.18141672,0.039237883,0.06203121,-0.24068421,-0.29073262,0.077746056,0.15154837,0.008880237,-0.010712349,0.039626338,0.004846762
146,-0.02493272,-0.12616043,-0.21857189,0.12803386,0.06795855,-0.19638826,0.18570024,-0.031470153,-0.14719278,0.19105473,0.15875556,0.2777999,-0.012964626,-0.38553128,0.09649063,0.0032412782,-0.1591621,0.04696505,0.13055012,0.0058805714,-0.0137954485,0.19752346,0.03959199,0.084758304,-0.26664895,-0.1297719,-0.0056000077,0.25504214,0.039786283,-0.011463947,0.14318542,-0.072147585
147,-0.0058410084,-0.17700934,-0.2501734,0.057932623,0.051377475,-0.14702553,-0.015835676,-0.14459503,-0.16522613,0.14157313,0.01699693,0.20836657,0.0037067642,-0.41281712,0.07089796,0.1270846,-0.10967529,0.009219222,0.13438848,-0.14295247,-0.06041067,0.08843744,0.030539354,0.20200723,-0.1908669,-0.0063940133,-0.032184213,0.35381737,0.1250069,-0.14336638,0.0933787,-0.17570771
148,-7.97319e-05,-0.111357585,-0.2954198,0.2530059,0.03703456,-0.123387,-0.17814569,-0.09705084,-0.13612515,0.09587087,0.027214147,0.16745457,0.03473468,-0.3641286,0.07778625,0.18492101,-0.08073272,0.11308824,-0.054344837,-0.13626175,-0.10527449,0.10811445,-0.09094883,0.25732473,-0.23031113,0.002570142,-0.0789627,0.44908458,0.19810095,-0.029759647,0.0074984464,-0.13189478
149,0.031065859,-0.115815215,-0.46600375,0.3269612,-0.009929931,0.06843571,-0.32746047,-0.11395539,-0.0646527,0.10040247,-0.0111610135,0.13597016,0.031878307,-0.13801098,0.06724103,0.12298812,0.07824688,0.21743278,-0.06921401,-0.1426978,-0.10888449,0.19822896,-0.218976,0.22300921,-0.026196027,-0.11171496,-0.1285921,0.41998443,0.17286614,0.069224365,-0.025387432,0.0840869
150,0.1077615,-0.13369478,-0.6503782,0.3664233,-0.06447757,0.03857966,-0.1447067,-0.022622842,0.021272866,0.09789875,0.0023705198,0.030249935,0.045774993,0.06483435,0.11161276,0.15703084,-0.026534755,0.198892,-0.023818726,-0.10609688,-0.15995778,0.3428513,-0.25985527,0.13701266,0.036354538,-0.1755557,-0.05083969,0.20620605,0.049443983,0.19525428,0.06407546,0.119931474
151,0.19291839,-0.03472008,-0.4121485,0.15098807,-0.24804229,-0.06321003,-0.10090834,-0.09856181,0.25008303,-0.040435996,0.07461308,0.02124693,0.10937242,-0.0059152925,0.12477768,0.2475505,-0.1885007,0.16799934,0.018249346,-0.10679843,-0.034435634,0.39017266,-0.2609448,0.08058849,-0.055256415,-0.0481278,0.050483987,0.13753659,0.15368576,0.23344572,-0.025787598,0.12367778
152,0.2807967,-0.08757062,-0.23073985,-0.0519467,-0.2820999,-0.10396666,-0.123471454,-0.09307474,0.26836684,-0.22085564,0.08140115,-0.09903481,0.018099712,-0.065813065,0.06825812,0.13137144,-0.22968943,0.13371468,-0.06617908,-0.1469488,0.016289115,0.52440363,-0.20988496,0.11281622,-0.14158905,-0.08708546,0.11654315,0.1948743,0.17889474,0.13495828,-0.0087008905,0.19247144
153,0.29511774,-0.03557878,0.012531614,-0.22675277,-0.2036119,-0.0061623245,-0.13721201,-0.20728348,0.2446673,-0.21820703,0.078807145,-0.10359234,0.052197274,-0.18438545,0.06666131,0.06637689,-0.28062102,0.28020662,-0.21063091,-0.09273739,0.10490128,0.5232389,-0.31337455,0.070249654,-0.027134044,0.029818146,0.18756992,0.23491433,0.22300671,0.056493837,0.0076396614,0.378608
154,0.1940173,-0.004528099,0.09818431,-0.25476357,0.07224484,0.070357054,-0.08304258,-0.2939751,0.1940533,-0.24258639,0.06890793,-0.20837088,0.08030175,-0.07552027,-0.021005034,-0.04486035,-0.061743442,0.45316783,-0.17689382,0.018738694,0.12814377,0.44237006,-0.24287537,0.0081681665,0.21989071,0.05155739,0.12988004,0.21019185,0.19051439,0.026775438,0.05591277,0.36890164
155,0.023728134,0.038779467,0.08821603,-0.21373522,0.40436202,0.19060592,0.04012535,-0.099636234,0.12798843,-0.29475978,0.05257608,-0.24219874,0.102697685,0.14328879,-0.081213765,-0.16727452,0.16616632,0.30691832,-0.14437374,0.2499102,0.10953569,0.34395912,-0.18278871,-0.005104329,0.47549787,0.01842643,0.09779465,0.120407686,0.08298325,0.023691397,0.27410582,0.23542477
156,-0.1627412,0.24703066,0.14560015,-0.14845331,0.37867898,0.122523904,0.109293744,-0.09988542,0.15363798,-0.12244459,0.20810203,-0.22759306,0.2405131,0.12540023,0.017956309,-0.07856092,0.18955298,0.069617026,-0.1498155,0.31775352,0.28424534,0.24624765,-0.20696223,0.13896139,0.47341356,0.057165932,0.093701884,0.20209458,0.20805338,0.05175936,0.23721778,-0.08505159
157,-0.32366696,0.29481432,0.08411367,-0.16101924,0.1669981,0.06557789,0.34653863,-0.18121782,0.067602046,-0.043980338,0.28686965,-0.10851629,0.2674302,0.083948754,-0.026092088,-0.14202856,0.21301015,-0.07479281,-0.04682859,0.28986487,0.36482754,0.16985604,-0.06275782,0.22509782,0.3405535,-0.007936505,0.18994825,0.26211536,0.22497933,0.057401627,0.18822443,-0.2965751
158,-0.26116413,0.20268804,0.14063701,-0.14464568,0.024417553,-0.0053405967,0.4067117,-0.15786406,-0.070954196,0.0066340202,0.25748807,-0.048580784,0.28983337,0.093658164,-0.11605706,-0.18759662,0.19907883,-0.25485206,-0.015995422,0.25433692,0.32018718,0.15711464,0.15476204,0.24161719,0.295519,-0.030528007,0.08998212,0.32988957,0.27514833,-0.01667965,0.16890457,-0.3649406
159,-0.12782528,0.12412159,0.032426175,-0.14106885,0.07858105,0.14565088,0.47828406,-0.099859975,-0.3021102,0.03377926,0.20541778,0.11727219,0.36125922,0.26546925,-0.18513417,-0.2765683,0.02315414,-0.03947828,0.04736313,0.20305978,0.12871945,0.3130569,0.2435274,0.11536395,0.26975575,-0.057401337,0.08786228,0.19895713,0.18283474,0.027587771,0.01012496,-0.27837813
160,-0.0640804,0.002759341,0.04683629,-0.08857928,0.26399186,0.2865094,0.31907544,-0.031200824,-0.36396375,0.066500805,0.18999179,0.18473464,0.33224547,0.41693363,-0.23453629,-0.35349023,0.04761471,0.09606737,0.050109778,0.25845814,-0.033556644,0.32843578,0.15905575,0.05333816,0.28775582,-0.18700878,0.06885081,0.12474616,0.040808123,0.06366389,-0.11194194,-0.37296155
161,-0.17768444,0.08323801,0.08297155,-0.098332874,0.28116027,0.18353458,0.13091226,-0.055421297,-0.39081305,0.1322137,0.1435823,0.13804786,0.37970048,0.37643278,-0.094195805,-0.2835389,-0.044804953,0.13143077,-0.007856715,0.16562082,-0.07432116,0.26280972,-0.015460524,0.16454694,0.19430692,-0.059812978,0.14846048,0.24769333,-0.018688073,0.12519789,-0.30088264,-0.35668594
162,-0.20243093,0.0822183,0.10978074,-0.15728377,0.24519321,0.063266926,-0.18323989,-0.046557974,-0.3047459,0.24802014,0.06427904,0.13097909,0.29902974,0.31367213,-0.037021946,0.041846234,0.031194566,0.17708145,-0.063925095,0.24096934,-0.039890483,0.012391657,-0.30810857,0.2978189,-0.06649822,-0.009331479,0.2763878,0.3787396,0.041163974,0.14293788,-0.4062743,-0.3273692
163,-0.22486155,0.22759782,0.08212361,-0.43755615,0.17564586,-0.096154936,-0.122087955,0.0034578266,-0.21494357,0.32181588,0.037655577,0.07409048,0.18260129,0.19256665,0.08992915,0.120430306,0.049103178,0.11122817,-0.04450649,0.25925788,-0.047447566,-0.022611717,-0.4220426,0.27514935,-0.068329066,0.0785631,0.3132755,0.35488605,-0.016905474,0.19883123,-0.38017038,-0.19419044
164,0.06326706,0.18289763,0.01938269,-0.44701084,0.23959102,-0.047565922,-0.06416483,0.14951038,-0.16974677,0.27699396,-0.06314202,0.0029804767,0.18114625,0.13664645,0.08670788,0.07527992,0.13341728,0.05284465,0.06316655,0.32556003,-0.03938636,-0.024982734,-0.18360336,0.12289111,0.010798329,0.03396205,0.22532722,0.31671646,0.0039137336,0.11967847,-0.31592733,0.022071436
165,0.29986554,0.20292123,0.0064316387,-0.3394131,0.4296556,-0.028666332,0.062369343,0.42999908,-0.096128836,0.24177626,-0.10499235,-0.00039582144,0.03847853,0.16161697,-0.0005595494,0.013961239,0.11618974,0.06159677,0.07091369,0.31521672,-0.15244025,-0.052537166,-0.0017108691,-0.120775364,0.09740903,-0.06185268,0.1424226,0.20452458,-0.00056650996,0.147804,-0.17136051,0.082034595
166,0.49677536,0.19602698,0.068685524,-0.10119964,0.4443562,0.042505506,0.0855071,0.56701994,0.047119163,0.13586967,-0.14213905,-0.102071695,0.049407937,0.1520756,-0.046160955,-0.032367814,-0.049452703,-0.07566602,0.028700871,0.25077316,-0.12549497,0.06563179,0.094100334,-0.20843735,0.20145237,-0.105573066,0.0434456,0.29826835,0.15555118,0.05715932,-0.022017866,0.22435799
167,0.37361827,0.27226985,0.075894244,0.033835273,0.33156326,0.092340335,0.09625272,0.5310822,0.20661427,0.09269248,-0.062226724,-0.07302785,-0.053332526,0.053587213,0.10047147,-0.02296327,-0.097086474,-0.17113864,0.008634791,0.089249276,-0.037037075,-0.010223573,0.1597879,-0.15794508,0.11725079,-0.19300184,0.011005741,0.25247255,0.250144,0.058866005,0.11617087,0.09252933
168,0.097373,0.3079834,0.16173801,0.07154985,0.15762587,0.026838118,0.16621932,0.38823894,0.36130312,0.049440168,-0.07298733,-0.056709886,0.02448798,-0.12527639,0.1328204,0.14641501,-0.19428915,-0.08645747,-0.07066441,-0.09467291,0.10936311,-0.015345418,0.060784377,0.09894206,0.01759897,-0.04323327,-0.08467136,0.36479834,0.33601832,0.13530098,0.14311986,-0.17168026
169,-0.17190523,0.20632528,0.019571042,0.23791991,-0.05250413,-0.021443173,0.082390346,0.29807007,0.43393177,0.006554719,-0.03835679,0.041582644,-0.016230855,-0.08040538,0.2297198,0.09326265,-0.055140134,-0.13802327,-0.0455229,-0.18492663,0.19551109,0.018109132,0.14119907,0.1225486,0.039476212,-0.012951821,-0.047830883,0.35142592,0.11728412,0.1635761,0.2571726,-0.31048182
170,-0.3170794,0.053276695,-0.09428794,0.222689,-0.20517603,0.020159764,0.14690426,0.16634122,0.2533995,-0.03024931,-0.11310356,0.1297948,-0.05188667,-0.02703648,0.14137436,0.09001765,0.106901504,-0.1411551,0.018428378,-0.13449432,0.12772499,0.13756092,0.18907353,0.24067824,0.03217116,0.034742266,-0.061036088,0.24119547,0.022437613,0.06456009,0.29620484,-0.25836894
171,-0.47575673,-0.12218373,-0.0042528757,0.20499599,-0.2793389,0.08339115,0.11844597,0.06855395,0.034817517,-0.11761608,-0.081955425,0.07749775,0.011333041,0.09811731,0.102661364,0.03328343,0.23024565,-0.18061785,-0.00502828,-0.023899682,0.11660032,0.121326335,0.2557526,0.17224738,-0.04280916,0.086234115,-0.133335,0.27654085,0.08380302,-0.046841055,0.10310035,-0.2531406
172,-0.46865344,-0.11974338,0.12653123,0.111569025,-0.2783767,0.087807246,0.05584721,0.04435419,-0.002806942,-0.10222404,0.054807793,0.043949153,0.059070446,0.07719028,0.15171438,-0.012159539,0.18426995,-0.086911134,-0.08076915,0.068986475,0.088063516,0.013052485,0.26705682,0.13548052,-0.15232645,0.06054138,-0.09794868,0.2237574,0.16109401,-0.040048726,0.0057925493,-0.2783179
173,-0.27378348,-0.23076399,0.17870063,0.17271739,-0.116706096,0.121827684,0.07950647,0.10715547,-0.0968294,-0.24059166,0.14618045,-0.06401801,0.0141417505,0.00825104,0.13611862,0.004694327,0.15492418,-0.048292723,-0.06966566,0.14403427,0.03174949,0.012273592,0.3746455,0.010640003,-0.16588047,0.05321805,-0.10606047,0.16945355,0.21665068,-0.06385383,0.1392566,-0.17153037
174,-0.00065641745,-0.0706265,0.18486562,0.092892006,-0.04884258,-0.013164977,0.1095421,0.28383288,-0.002346443,-0.16492395,0.28315806,-0.018068803,0.0597301,-0.13991323,0.17270775,-0.08927968,0.012789938,-0.079730004,-0.053569324,0.07413251,0.06006867,-0.07652652,0.26645392,-0.03687196,-0.22679467,0.016325654,-0.0034104432,0.14716655,0.11087538,0.056774046,0.3238133,-0.06908897
175,0.36120862,-0.033009984,0.13444914,0.063214175,0.045787215,-0.13879934,0.11943351,0.26147988,-0.03352874,-0.19362882,0.16477063,-0.025159769,0.03928276,-0.3297188,0.04299858,-0.076023266,-0.07695615,-0.06861359,0.090070255,-0.054327786,0.036496717,-0.21971501,0.25124958,-0.049614396,-0.2524762,0.059359953,0.026750552,0.06959135,-0.074848495,0.098852605,0.57025075,-0.18111578
176,0.51822925,-0.0148633225,0.05681753,-0.077970885,0.18538044,-0.21123669,0.2279909,0.06928995,-0.19788395,-0.30538628,-0.06131098,-0.07571648,-0.14747529,-0.4074979,-0.09334592,-0.04240858,-0.10575082,-0.20814061,0.2579458,-0.12074536,-0.07538635,-0.19513781,0.10399779,-0.061505463,-0.13038906,0.10237313,-0.12881213,0.021340938,-0.35309243,-0.013776185,0.68155575,-0.2295615
177,0.33000267,0.07884863,0.19292074,-0.31740874,0.17241003,-0.04968335,0.24320827,-0.041769054,-0.13784026,-0.26098347,0.0046692933,0.004013288,-0.13062045,-0.44012633,-0.027294628,-0.012140985,-0.11727208,-0.22273345,0.12208332,-0.2534909,-0.024328362,0.02729446,0.014877558,-0.07266394,0.12492018,0.26355276,0.016224228,-0.038051445,-0.29078457,0.049611222,0.44196445,-0.15915626
